[{"term":"Acceleration","url":"cordova_accelerometer_accelerometer.md.html"},{"term":"Accelerometer","url":"cordova_accelerometer_accelerometer.md.html"},{"term":"accelerometer.clearWatch","url":"cordova_accelerometer_accelerometer.md.html"},{"term":"accelerometer.getCurrentAcceleration","url":"cordova_accelerometer_accelerometer.md.html"},{"term":"accelerometer.watchAcceleration","url":"cordova_accelerometer_accelerometer.md.html"},{"term":"accelerometerError","url":"cordova_accelerometer_accelerometer.md.html"},{"term":"accelerometerOptions","url":"cordova_accelerometer_accelerometer.md.html"},{"term":"accelerometerSuccess","url":"cordova_accelerometer_accelerometer.md.html"},{"term":"API Reference","url":"index.md.html"},{"term":"backbutton","url":"cordova_events_events.md.html"},{"term":"batterycritical","url":"cordova_events_events.md.html"},{"term":"batterylow","url":"cordova_events_events.md.html"},{"term":"batterystatus","url":"cordova_events_events.md.html"},{"term":"Camera","url":"cordova_camera_camera.md.html"},{"term":"camera.cleanup","url":"cordova_camera_camera.cleanup.md.html"},{"term":"camera.getPicture","url":"cordova_camera_camera.md.html"},{"term":"cameraError","url":"cordova_camera_camera.md.html"},{"term":"cameraOptions","url":"cordova_camera_camera.md.html"},{"term":"CameraPopoverOptions","url":"cordova_camera_camera.md.html"},{"term":"cameraSuccess","url":"cordova_camera_camera.md.html"},{"term":"Capture","url":"cordova_media_capture_capture.md.html"},{"term":"capture.captureAudio","url":"cordova_media_capture_capture.md.html"},{"term":"capture.captureImage","url":"cordova_media_capture_capture.md.html"},{"term":"capture.captureVideo","url":"cordova_media_capture_capture.md.html"},{"term":"CaptureAudioOptions","url":"cordova_media_capture_capture.md.html"},{"term":"CaptureCB","url":"cordova_media_capture_capture.md.html"},{"term":"CaptureError","url":"cordova_media_capture_capture.md.html"},{"term":"CaptureErrorCB","url":"cordova_media_capture_capture.md.html"},{"term":"CaptureImageOptions","url":"cordova_media_capture_capture.md.html"},{"term":"CaptureVideoOptions","url":"cordova_media_capture_capture.md.html"},{"term":"Command-Line Usage","url":"guide_command-line_index.md.html"},{"term":"Compass","url":"cordova_compass_compass.md.html"},{"term":"compass.clearWatch","url":"cordova_compass_compass.md.html"},{"term":"compass.clearWatchFilter","url":"cordova_compass_compass.md.html"},{"term":"compass.getCurrentHeading","url":"cordova_compass_compass.md.html"},{"term":"compass.watchHeading","url":"cordova_compass_compass.md.html"},{"term":"compass.watchHeadingFilter","url":"cordova_compass_compass.md.html"},{"term":"CompassError","url":"cordova_compass_compass.md.html"},{"term":"compassError","url":"cordova_compass_compass.md.html"},{"term":"compassHeading","url":"cordova_compass_compass.md.html"},{"term":"compassOptions","url":"cordova_compass_compass.md.html"},{"term":"compassSuccess","url":"cordova_compass_compass.md.html"},{"term":"ConfigurationData","url":"cordova_media_capture_capture.md.html"},{"term":"Connection","url":"cordova_connection_connection.md.html"},{"term":"connection.type","url":"cordova_connection_connection.md.html"},{"term":"Contact","url":"cordova_contacts_contacts.md.html"},{"term":"ContactAddress","url":"cordova_contacts_contacts.md.html"},{"term":"contactError","url":"cordova_contacts_contacts.md.html"},{"term":"ContactError","url":"cordova_contacts_contacts.md.html"},{"term":"ContactField","url":"cordova_contacts_contacts.md.html"},{"term":"contactFields","url":"cordova_contacts_contacts.md.html"},{"term":"contactFindOptions","url":"cordova_contacts_contacts.md.html"},{"term":"ContactFindOptions","url":"cordova_contacts_contacts.md.html"},{"term":"ContactName","url":"cordova_contacts_contacts.md.html"},{"term":"ContactOrganization","url":"cordova_contacts_contacts.md.html"},{"term":"Contacts","url":"cordova_contacts_contacts.md.html"},{"term":"contacts.create","url":"cordova_contacts_contacts.md.html"},{"term":"contacts.find","url":"cordova_contacts_contacts.md.html"},{"term":"contactSuccess","url":"cordova_contacts_contacts.md.html"},{"term":"Coordinates","url":"cordova_geolocation_geolocation.md.html"},{"term":"Database","url":"cordova_storage_storage.md.html"},{"term":"database_displayname","url":"cordova_storage_storage.md.html"},{"term":"database_name","url":"cordova_storage_storage.md.html"},{"term":"database_size","url":"cordova_storage_storage.md.html"},{"term":"database_version","url":"cordova_storage_storage.md.html"},{"term":"Developing a Plugin on Android","url":"guide_plugin-development_android_index.md.html"},{"term":"Developing a Plugin on Bada","url":"guide_plugin-development_bada_index.md.html"},{"term":"Developing a Plugin on BlackBerry","url":"guide_plugin-development_blackberry_index.md.html"},{"term":"Developing a Plugin on iOS","url":"guide_plugin-development_ios_index.md.html"},{"term":"Developing a Plugin on webOS","url":"guide_plugin-development_webos_index.md.html"},{"term":"Developing a Plugin on Windows Phone","url":"guide_plugin-development_windows-phone_index.md.html"},{"term":"Device","url":"cordova_device_device.md.html"},{"term":"device.cordova","url":"cordova_device_device.md.html"},{"term":"device.name","url":"cordova_device_device.md.html"},{"term":"device.platform","url":"cordova_device_device.md.html"},{"term":"device.uuid","url":"cordova_device_device.md.html"},{"term":"device.version","url":"cordova_device_device.md.html"},{"term":"deviceready","url":"cordova_events_events.md.html"},{"term":"DirectoryEntry","url":"cordova_file_file.md.html"},{"term":"DirectoryReader","url":"cordova_file_file.md.html"},{"term":"Domain Whitelist Guide","url":"guide_whitelist_index.md.html"},{"term":"Embedding Cordova WebView on Android","url":"guide_cordova-webview_android.md.html"},{"term":"Embedding Cordova WebView on iOS","url":"guide_cordova-webview_ios.md.html"},{"term":"Embedding WebView","url":"guide_cordova-webview_index.md.html"},{"term":"endcallbutton","url":"cordova_events_events.md.html"},{"term":"Events","url":"cordova_events_events.md.html"},{"term":"File","url":"cordova_file_file.md.html"},{"term":"FileEntry","url":"cordova_file_file.md.html"},{"term":"FileError","url":"cordova_file_file.md.html"},{"term":"FileReader","url":"cordova_file_file.md.html"},{"term":"FileSystem","url":"cordova_file_file.md.html"},{"term":"FileTransfer","url":"cordova_file_file.md.html"},{"term":"FileTransferError","url":"cordova_file_file.md.html"},{"term":"FileUploadOptions","url":"cordova_file_file.md.html"},{"term":"FileUploadResult","url":"cordova_file_file.md.html"},{"term":"FileWriter","url":"cordova_file_file.md.html"},{"term":"Flags","url":"cordova_file_file.md.html"},{"term":"Geolocation","url":"cordova_geolocation_geolocation.md.html"},{"term":"geolocation.clearWatch","url":"cordova_geolocation_geolocation.md.html"},{"term":"geolocation.getCurrentPosition","url":"cordova_geolocation_geolocation.md.html"},{"term":"geolocation.watchPosition","url":"cordova_geolocation_geolocation.md.html"},{"term":"geolocationError","url":"cordova_geolocation_geolocation.md.html"},{"term":"geolocationOptions","url":"cordova_geolocation_geolocation.md.html"},{"term":"geolocationSuccess","url":"cordova_geolocation_geolocation.md.html"},{"term":"Getting Started Guides","url":"guide_getting-started_index.md.html"},{"term":"Getting Started with Android","url":"guide_getting-started_android_index.md.html"},{"term":"Getting Started with Bada","url":"guide_getting-started_bada_index.md.html"},{"term":"Getting Started with Blackberry","url":"guide_getting-started_blackberry_index.md.html"},{"term":"Getting Started with iOS","url":"guide_getting-started_ios_index.md.html"},{"term":"Getting Started with Symbian","url":"guide_getting-started_symbian_index.md.html"},{"term":"Getting Started with WebOS","url":"guide_getting-started_webos_index.md.html"},{"term":"Getting Started with Windows Phone","url":"guide_getting-started_windows-phone_index.md.html"},{"term":"Guides","url":"index.md.html"},{"term":"LocalFileSystem","url":"cordova_file_file.md.html"},{"term":"localStorage","url":"cordova_storage_storage.md.html"},{"term":"Media","url":"cordova_media_media.md.html"},{"term":"media.getCurrentPosition","url":"cordova_media_media.md.html"},{"term":"media.getDuration","url":"cordova_media_media.md.html"},{"term":"media.pause","url":"cordova_media_media.md.html"},{"term":"media.play","url":"cordova_media_media.md.html"},{"term":"media.release","url":"cordova_media_media.md.html"},{"term":"media.seekTo","url":"cordova_media_media.md.html"},{"term":"media.startRecord","url":"cordova_media_media.md.html"},{"term":"media.stop","url":"cordova_media_media.md.html"},{"term":"media.stopRecord","url":"cordova_media_media.md.html"},{"term":"mediaError","url":"cordova_media_media.md.html"},{"term":"MediaError","url":"cordova_media_media.md.html"},{"term":"MediaFile","url":"cordova_media_capture_capture.md.html"},{"term":"MediaFile.getFormatData","url":"cordova_media_capture_capture.md.html"},{"term":"MediaFileData","url":"cordova_media_capture_capture.md.html"},{"term":"menubutton","url":"cordova_events_events.md.html"},{"term":"Metadata","url":"cordova_file_file.md.html"},{"term":"Notification","url":"cordova_notification_notification.md.html"},{"term":"notification.alert","url":"cordova_notification_notification.md.html"},{"term":"notification.beep","url":"cordova_notification_notification.md.html"},{"term":"notification.confirm","url":"cordova_notification_notification.md.html"},{"term":"notification.vibrate","url":"cordova_notification_notification.md.html"},{"term":"offline","url":"cordova_events_events.md.html"},{"term":"online","url":"cordova_events_events.md.html"},{"term":"openDatabase","url":"cordova_storage_storage.md.html"},{"term":"pause","url":"cordova_events_events.md.html"},{"term":"Plugin Development Guide","url":"guide_plugin-development_index.md.html"},{"term":"Position","url":"cordova_geolocation_geolocation.md.html"},{"term":"PositionError","url":"cordova_geolocation_geolocation.md.html"},{"term":"resume","url":"cordova_events_events.md.html"},{"term":"searchbutton","url":"cordova_events_events.md.html"},{"term":"SQLError","url":"cordova_storage_storage.md.html"},{"term":"SQLResultSet","url":"cordova_storage_storage.md.html"},{"term":"SQLResultSetList","url":"cordova_storage_storage.md.html"},{"term":"SQLTransaction","url":"cordova_storage_storage.md.html"},{"term":"startcallbutton","url":"cordova_events_events.md.html"},{"term":"Storage","url":"cordova_storage_storage.md.html"},{"term":"Upgrading Cordova Android","url":"guide_upgrading_android_index.md.html"},{"term":"Upgrading Cordova Bada","url":"guide_upgrading_bada_index.md.html"},{"term":"Upgrading Cordova BlackBerry","url":"guide_upgrading_blackberry_index.md.html"},{"term":"Upgrading Cordova iOS","url":"guide_upgrading_ios_index.md.html"},{"term":"Upgrading Cordova Symbian","url":"guide_upgrading_symbian_index.md.html"},{"term":"Upgrading Cordova webOS","url":"guide_upgrading_webos_index.md.html"},{"term":"Upgrading Cordova Windows Phone","url":"guide_upgrading_windows-phone_index.md.html"},{"term":"Upgrading Guides","url":"guide_upgrading_index.md.html"},{"term":"volumedownbutton","url":"cordova_events_events.md.html"},{"term":"volumeupbutton","url":"cordova_events_events.md.html"}]